status_code,ordinal,section,xtext,status_note
na,1,S1.a,"EGRI can be used to enable end-to-end (E2E) verifiability.",
na,1,S1.a,"EGRI can be used to enable privacy-enhanced risk-limiting audits (RLAs).",
na,1,S1.a,"EGRI components can be used to empower individual voters to independently verify the accuracy of election results.",
na,1,S1.b,"EGRI is compatible with in-person voting using an electronic ballot-marking device.",
na,1,S1.b,"EGRI is compatible with in-person voting using an optical scanner capable of reading hand-marked ballots.",
na,1,S1.b,"EGRI is compatible with in-person voting using an optical scanner capable of reading machine-marked ballots.",
na,1,S1.b,"EGRI is compatible with voting by mail.",
na,1,S1.b,"EGRI is compatible with Internet voting.",
ace,3,S1.c,"EGRI can prove (or fail to prove) that publicly disclosed EG ballots match reported tallies",
na,1,S1.c,"EGRI can prove (or fail to prove) that physical ballot records used in an RLA are those produced by the voters",
ace,3,S1.d,"EGRI provides a ""detailed implementation specification"" and/or qualifies as a ""well-documented ElectionGuard implementation""",
na,1,S1.d,"EGRI can be used by independent parties to write ElectionGuard verifiers to confirm the consistency of election artifacts with announced election results.",
na,1,S1.d,"EGRI can be used by independent parties to write verifiers to confirm (or refute) the consistency of election artifacts with announced election results",
na,1,S2.a,"A 'Guardian' role exists with certain duties.",
na,1,S2.a,"EGRI enables a Guardian to protect confidentiality of votes.",
na,1,S2.a,"EGRI enables members of a canvassing board to serve as Guardians.",
ace,3,S2.a,"No set of guardians fewer than a quorum are able to produce the artifacts required to enable public verification of the tally.",
na,1,S2.a,"% xnote S3.7 Josh 2025-02-25, 2025-03-18: Out of scope for EGRI: An 'Election Administrator' role exists",
ace,3,S2.a,"Note: EG defines protocols",
ace,3,S2.a,"Note: EG defines procedures",
ace,3,S2.b,"Guardians participate in a 'Key Generation Ceremony'.",
ace,3,S2.b,"At the beginning of the Key Generation Ceremony, EGRI enables each guardian to publish its public keys and proofs of knowledge of the associated secret keys.",
ace,3,S2.b,"At the beginning of the Key Generation Ceremony, EGRI enables each Guardian to receive the published keys and proofs of knowledge of the associated secret keys from the other Guardians.",
nyi,4,S2.b,"EGRI enables a Guardian to determine that they have received the public keys and proofs of knowledge of the associated secret keys from all other Guardians, or identify those which have not yet been received.",
ics,50,S2.b,"EGRI enables a Guardian to encrypt to another guardian's Guardian Communication Public Key an InterGuardianShare for the Vote Encryption key.",
ics,50,S2.b,"EGRI enables a Guardian to encrypt to another guardian's Guardian Communication Public Key an InterGuardianShare for the Ballot Data Encryption key.",
nyi,4,S2.b,"EGRI enables a Guardian to check for consistency any shares of other guardians secret keys it has received.",
nyi,4,S2.b,"EGRI enables a Guardian to query or observe which particular shares from all other Guardians it has recieved, decrypted, checked for consistency, and verified, and which are missing, inconsistent, or failed.",
nyi,4,S2.b,"Josh 2025-03-18: ""The code should emit a success or failure indicator that a human can use to verify that the [received key shares] have the required properties."".",
na,1,S3.a.a.a,"EGRI enables using the same Fixed Parameters across multiple elections",
ics,50,S3.a.a.b,"(ref: S2.b) EGRI enables Guardians to generate individual public-secret key pairs",
ics,50,S3.a.a.b,"(ref: S2.b) EGRI enables Guardians to exchange shares of secret keys",
nyi,4,S3.a.a.b,"EGRI enables Guardians to destroy their secret keys.",
na,1,S3.a.a.c,"[No specific requirement]",
nfd,2,S3.1.3.a,"EGRI rejects any Election Manifest that does not contain data that makes it unique for each election","Ref: S3.1.3.a: ""The manifest file must contain data that makes it unique for each election."" QUESTION: How could this possibly be implemented?"
ics,50,S3.1.3.b,"EGRI rejects ElectionManifest labels that decode to a Unicode malformed surrogate pair (Unicode Category Cs). See [JSON RFC Errata 7603](https://www.rfc-editor.org/errata/eid7603)","difficult to test because the Rust std lib rejects malformed UTF-8"
ics,50,S3.1.3.b,"EGRI rejects Contest labels that decode to a Unicode malformed surrogate pair (Unicode Category Cs). See [JSON RFC Errata 7603](https://www.rfc-editor.org/errata/eid7603)",
ics,50,S3.1.3.b,"EGRI rejects ContestOption labels that decode to a Unicode malformed surrogate pair (Unicode Category Cs). See [JSON RFC Errata 7603](https://www.rfc-editor.org/errata/eid7603)",
ics,50,S3.1.3.b,"EGRI rejects BallotStyle labels that decode to a Unicode malformed surrogate pair (Unicode Category Cs). See [JSON RFC Errata 7603](https://www.rfc-editor.org/errata/eid7603)",
ics,50,S3.1.3.e,"If additional data fields are present for a Contest, they are assigned Indices continuing after the Selectable Options.",
nyi,4,S3.1.3.f,"Every Ballot Style defines a label unique across all Ballot Styles in the manifest",
ics,50,S3.1.3.f,"Order of occurence is not significant within a Ballot Style Contest Index list.",
ics,50,S3.1.3.g,"For any Contest for which a Contest Selection Limit is not specfied, an effective value of 1 is used as the default.",
ics,50,S3.1.3.g,"The effective Contest Selection Limit limits the maximum total value (i.e., number of votes or voter selections) that can be assigned over all Selectable Options in that contest.",
nyi,4,S3.1.3.g,"EGRI may warn if any effective Contest Selection Limit is zero",
nyi,4,S3.1.3.g,"EGRI may warn if any effective Option Selection Limit is zero",
ics,50,S3.1.3.g,"The effective Option Selection Limit limits the maximum value (i.e., number of votes) that can be assigned to that particular Selectable Option.",
ics,50,S3.1.3.g,"The effective Selection Limit limits the maximum value that can be assigned to that Selectable Option",
ics,50,S3.1.3.g,"If an effective (specified or defaulted) Option Selection Limit exceeds the effective (specified or defaulted) Contest Selection Limit, EGRI applies the smaller value. EGRI may emit a diagnostic message in this case.",
ics,50,S3.1.3.g,"If the sum of all effective (specified or defaulted) Option Selection Limits for a Contest exceeds that Contest's effective (specified or defaulted) Contest Selection Limit, EGRI applies the smaller value. This is an ordinary case for which EGRI should not emit a specific diagnostic message.",
nfd,2,S3.1.3.h,"Election Manifest offers optional data fields for accompanying data.",""
nfd,2,S3.1.3.h,"Election Manifest allows Accompanying Data Fields to be applied at the top level.",""
nfd,2,S3.1.3.h,"Election Manifest allows Accompanying Data Fields to be applied to Contests. Note: These are different from Additional Contest Data Fields which may be recorded after the Selectable Option Fields on a Ballot.",""
nfd,2,S3.1.3.h,"Election Manifest allows Accompanying Data Fields to be applied to Selectable Options.",""
nfd,2,S3.1.3.h,"Election Manifest allows Accompanying Data Fields to be applied to Ballot Styles.",""
nfd,2,S3.1.3.h,"Election Manifest Accompanying Data Fields may go beyond short labels.",""
nfd,2,S3.1.3.h,"Election Manifest Accompanying Data Fields may be non-unique.",""
nfd,2,S3.1.3.h,"Election Manifest Accompanying Data Fields may describe general information about the election.",""
nfd,2,S3.1.3.h,"Election Manifest Accompanying Data Fields may describe general information about the jurisdiction.",""
nfd,2,S3.1.3.h,"Election Manifest Accompanying Data Fields may describe general information about the election device manufacturers.",""
nfd,2,S3.1.3.h,"Election Manifest Accompanying Data Fields may describe general information about software versions.",""
nfd,2,S3.1.3.h,"Election Manifest Accompanying Data Fields may describe general information about the election date.",""
nfd,2,S3.1.3.h,"Election Manifest Accompanying Data Fields may describe general information about the election location.",""
nfd,2,S3.1.3.h,"EGRI allows an Election Manifest to specify many other things, including things not listed here.",""
nyi,4,S3.1.3.j,"'Undervoted Contest Condition' is a per-contest state in which the sum of the voter selections is strictly less than the contest selection limit",
nyi,4,S3.1.3.j,"If a Contest is specified to record Undervoted Contest Conditions, an additional Contest Data Field is recorded, on every Ballot having that Contest in its Ballot Style, after the Contest Option Fields and any other additional Contest Data Fields described earlier in this specification (None currently). The value of this additional Contest Data Field is `1` to record the Undervoted Contest Condition and `0` otherwise.",
nyi,4,S3.1.3.j,"If a Contest is specified to record Undervoted Contest Conditions, any value assigned to the additional Contest Data Field does not count against the voter's Contest Selection Limit.",
nyi,4,S3.1.3.j,"If a Contest is specified to record Undervoted Contest Conditions, an additional Range Proof is recorded that the encrypted value of the additional Contest Data Field is either `0` or `1`.",
nyi,4,S3.1.3.k,"If a Contest is specified to record Undervote Difference Count, an additional Contest Data Field is recorded, on every Ballot having that Contest in its Ballot Style, after the Contest Option Fields and any other additional Contest Data Fields described earlier in this specification. The value of this additional Contest Data Field is the (saturating) difference (i.e., nonnegative) between the effective Contest Selection Limit and the the sum of the voter selections for that Contest. This value will not exceed the effective Contest Selection Limit.",
nyi,4,S3.1.3.k,"If a Contest is specified to record Undervote Difference Count, an additional Range Proof is recorded that the encrypted value of the additional Contest Data Field is `0` through the effective Contest Selection Limit, inclusive.",
nyi,4,S3.1.3.l,"An 'Overvoted Contest Condition' is considered to have occurred for a specific Contest on a specific Ballot when the the sum of the selections is strictly greater than the contest Selection Limit.",
nyi,4,S3.1.3.l,"Election Manifest allows to specify, for each Contest, whether to record the Overvoted Contest Condition for that contest.",
nyi,4,S3.1.3.l,"If not specified, EGRI does not record the Overvoted Contest Condition.",
nyi,4,S3.1.3.l,"If a Contest is specified to record Overvoted Contest Conditions, an additional Contest Data Field is recorded, on every Ballot having that Contest in its Ballot Style, after the Contest Option Fields and any other additional Contest Data Fields described earlier in this specification. The value of this additional Contest Data Field is `1` to record the Overvoted Contest Condition and `0` otherwise.",
nyi,4,S3.1.3.l,"If a Contest is specified to record Overvoted Contest Conditions, an additional Range Proof is recorded that the encrypted value of the additional Contest Data Field is either `0` or `1`.",
nyi,4,S3.1.3.l,"'Overvoted Option Condition' is a per-contest-option state in which the selection count is strictly greater than the option selection limit",
nyi,4,S3.1.3.l,"Election Manifest allows to specify, for each Contest Option, whether to record the Overvoted Option Condition for that Option.",
nyi,4,S3.1.3.l,"If not specified, EGRI does not record the Overvoted Option Condition.",
nyi,4,S3.1.3.l,"If a Contest Option is specified to record Overvoted Option Conditions, an additional Contest Data Field is recorded, on every Ballot having that Contest in its Ballot Style, after the Contest Option Fields, any other Contest Data Fields recording Overvoted Option Condition for lower-index Options, and any other additional Contest Data Fields described earlier in this specification. The value of this additional Contest Data Field is `1` to record the Overvoted Option Condition and `0` otherwise.",
nyi,4,S3.1.3.l,"If a Contest is specified to record Overvoted Option Conditions, an additional Range Proof is recorded that the encrypted value of the additional Contest Data Field is either `0` or `1`.",
nyi,4,S3.1.3.m,"'Null Voted Contest Condition' is a per-contest state in which the sum of the voter selections is strictly less than the contest selection limit",
nyi,4,S3.1.3.m,"Election Manifest allows to specify, for each Contest, whether to record the Null Voted Contest Condition for that Contest.",
nyi,4,S3.1.3.m,"If not specified, EGRI does not record the Null Voted Contest Condition.",
nyi,4,S3.1.3.m,"If a Contest is specified to record Null Voted Contest Conditions, an additional Contest Data Field is recorded, on every Ballot having that Contest in its Ballot Style, after the Contest Option Fields and any other additional Contest Data Fields described earlier in this specification. The value of this additional Contest Data Field is `1` to record the Null Voted Contest Condition and `0` otherwise.",
nyi,4,S3.1.3.m,"If a Contest is specified to record Null Voted Contest Conditions, any value assigned to the additional Contest Data Field does not count against the voter's Contest Selection Limit.",
nyi,4,S3.1.3.m,"If a Contest is specified to record Null Voted Contest Conditions, an additional Range Proof is recorded that the encrypted value of the additional Contest Data Field is either `0` or `1`.",
nyi,4,S3.1.3.n,"Election Manifest allows to specify, for each Contest, whether to record the Total Number Of Write-ins selected for that Contest.",
nyi,4,S3.1.3.n,"If not specified, EGRI does not record the Total Number Of Write-ins.",
nyi,4,S3.1.3.n,"If a Contest is specified to record Total Number Of Write-ins, an additional Contest Data Field is recorded, on every Ballot having that Contest in its Ballot Style, after the Contest Option Fields and any other additional Contest Data Fields described earlier in this specification. The value of this additional Contest Data Field is the (nonnegative integer) total number of write-ins the voter selected for that Contest. This value must not exceed the effective Contest Selection Limit.",
nyi,4,S3.1.3.n,"If a Contest is specified to record Total Number Of Write-ins, any value assigned to the additional Contest Data Field does not count against the voter's Contest Selection Limit.",
nyi,4,S3.1.3.n,"If a Contest is specified to record Total Number Of Write-ins, an additional Range Proof is recorded that the encrypted value of the additional Contest Data Field is `0` through the effective Contest Selection Limit, inclusive.",
nyi,4,S3.1.3.n,"EGRI may emit a diagnostic message if any contest specifies a number of write-in fields greater than the contest selection limit",
nyi,4,S3.1.3.n,"Election Manifest allows to specify, for each Contest, the number of write-in fields available to the voter.",
nyi,4,S3.1.3.n,"If a Contest is specified to supply a nonzero number of write-in fields, the Contest has that number of additional 'write-in N' voter-selectable Contest Options.",
nyi,4,S3.1.3.n,"Any such write-in fields are to be labeled by the system as ""write-in N"", where 'N' is the 1-based index value of the write-in field. (This will be greater than the Contest Option Field Index value by the number of non-write-in voter-Selectable Options.)",
nyi,4,S3.1.3.g,"The Election Manifest, for each additional 'write-in N' voter-selectable Contest Option, may specify a nonnegative integer Option Selection Limit with the same defaults and other semantics as non-write-in Contest Options. (ref: S3.1.3.g)",
nyi,4,S3.1.3.n,"""Written-in"" means that the election system has recorded some voter-supplied, non-empty, non-blank data associated with a contest and write-in field index value",
nyi,4,S3.1.3.n,"Every write-in field that *was not* written-in MUST be assigned a value of `0`.",
nyi,4,S3.1.3.n,"Every write-in field that *was* written-in MUST be assigned a value of `1` or greater, and subject to the same rules for Effective Option Selection Limit as other voter-Selectable Options.",
nyi,4,S3.1.3.n,"The value of a write-in field counts against the effective Contest Selection Limit",
nyi,4,S3.1.3.n,"For every Write-in field, an additional Range Proof is recorded that the encrypted value is either `0` or `1`.",
nyi,4,S3.1.3.n,"Josh 2025-03-18: A write-in field can not have an effective Option Selection Limit greater than `1`.",
ics,50,S3.1.3.o,"EGRI allows to write the Election Manifest canonical representation to a file.",
ics,50,S3.2.a,"EGRI rejects values of `k` greater than `n`.",
na,1,S3.2.c,"(Ref: S3.a.a.b) ""EGRI requires that a complete new set of keys must be generated if even a single guardian is replaced""",
ics,50,S3.2.c,"EGRI rejects any election data unless 1 <= k <= n < 2^31",
ics,50,S3.2.c,"EGRI rejects Guardian labels that decode to a Unicode malformed surrogate pair (Unicode Category Cs). See [JSON RFC Errata 7603](https://www.rfc-editor.org/errata/eid7603)","difficult to test because the Rust std lib rejects malformed UTF-8"
na,1,S3.2.c,"(Ref: S3.a.f.d) ""Fewer than `k` distinct Guardian (Vote|Ballot Data) Encryption Secret Keys can not produce a full decryption of any tally""",
nyi,4,S3.2.1,"The Election Record contains every Guardian's public key",
ics,50,S3.2.1,"The Election Record contains, for every Guardian public key, a non-interactive zero-knowledge Schnorr proof of knowledge of the associated secret key",
na,1,S3.2.1,"Guardian polynomial coefficients are generated and managed in precisely the same fashion as secret keys",
ics,50,S3.2.1,"Any set of k guardians' private keys is sufficient to complete decryption of the tally for each contest (e.g. selection option) field",
na,1,S3.2.1,"No set of fewer than `k` distinct Guardian Vote Encryption Secret Keys is sufficient to complete the the decryption of the tally for any Contest Option or additional Contest Data Field.",
ace,3,S3.2.2.a,"(Ref: S2.b) Key Ceremony",
ace,3,S3.2.2.a,"(Ref: S2.b) ""EGRI enables a Guardian to generate its own Vote Encryption (Public|Secret) Key pair prior to the start of voting or RLA.""",
ace,3,S3.2.2.b,"(Ref: S2.b) Key Ceremony",
ace,3,S3.2.2.b,"(Ref: S2.b) ""EGRI enables a Guardian to generate its own Ballot Data Encryption (Public|Secret) Key pair prior to the start of voting or RLA.""",
ace,3,S3.2.2.c,"(Ref: S2.b) Key Ceremony",
ace,3,S3.2.2.c,"(Ref: S2.b) ""EGRI enables a Guardian to generate its own Guardian Communication (Public|Secret) Key pair prior to the start of voting or RLA.""",
ace,3,S3.2.2.f.verif2,"TODO: Verification 2 Note: Required for (Ref: S3.2.2.o Details of Key Generation - Share verification and the guardian record)",
ace,3,S3.2.2.i,"(Ref: S2.b) Key Ceremony",
ace,3,S3.2.2.i,"(Ref: S2.b) EGRI enables a Guardian `i` to encrypt to another Guardian `l` Guardian Communication Public Key a share of each of its own (Vote|Ballot Data) Encryption Secret Keys, $P_i(\ell)$ and $\hat{P}_i(\ell)$, as specified in EG DS v2.1.0 eq. 15 - 22",
ace,3,S3.2.2.i,"(Ref: S2.b) EGRI enables a Guardian to publish the encryption $E_\ell(P_i(\ell), \hat{P}_i(\ell))$ of its secret key shares $P_i(\ell)$ and $\hat{P}_i(\ell)$ for every other guardian $G_\ell$",
ace,3,S3.2.2.j,"(Ref: S3.2.2.i) EGRI enables a receiving Guardian `l` to verify or refute the Schnorr proof $C_{i,\ell,2} = (\bar c_{i,\ell},\bar v_{i,\ell})$ from sending Guardian `i` as part of the share of each of Guardian `i`'s (Vote|Ballot Data) Encryption Secret Keys as specified in EG DS v2.1.0 eq. 22.",
ace,3,S3.2.2.l,"(Ref: S2.b) ""At the successful completion of the Key Generation Ceremony, EGRI enables the combination of Guardian Vote Encryption Public keys to form the Joint Vote Encryption Public Key.""",
ace,3,S3.2.2.m,"(Ref: S2.b) ""At the successful completion of the Key Generation Ceremony, EGRI enables the combination of Guardian Ballot Data Encryption Public keys to form the Joint Ballot Data Encryption Public Key.""",
ace,3,S3.2.2.o,"(Ref: S2.b) ""EGRI enables a Guardian to ""complain and halt the protocol""""",
ace,3,S3.2.2.o,"(Ref: S2.b) ""EGRI enables, supports, or facilitates the initiation of a 'Key Ceremony Irregularity Investigation' subsequent to a Guardian complaint of irregularity.""",
ace,3,S3.3.5.d,"(Ref: S3.1.3.l) ""An 'Overvoted Contest Condition' is considered to have occurred for a specific Contest on a specific Ballot when the the sum of the selections is strictly greater than the contest Selection Limit.""",
ace,3,S3.3.7.c,"(Ref: S3.2.3.j) ""EGRI encrypts a Contest (Option or Additional) Data Field value as specified in EG DS v2.1.0 eq. 31.""",
ace,3,S3.3.7.d,"(Ref: S3.2.3.j) ""EGRI may pre-compute the encryption of a Contest (Option or Additional) Data Field value of '0', and then convert it to an encryption of `1` if needed.""",
ace,3,S3.3.7.d,"(Ref: S3.2.3.j) ""EGRI encrypts a Contest (Option or Additional) Data Field value as specified in EG DS v2.1.0 eq. 31.""",
ace,3,S3.6.2,"(Ref: S3.6.1) ""EGRS enables a Guardian to participate in the decryption of a set of Ciphertexts that have both 1. belong to a set that has been marked for decryption and 2. have all been verified correct by that Guardian.""",
ace,3,S3.6.2,"(Ref: S3.6.1) ""EGRS refusues to assist a Guardian to participate in the decryption of any Ciphertexts unless they both 1. belong to a set that has been marked for decryption and 2. have all been verified correct by that Guardian.""",
ace,3,S3.6.2,"(Ref: S3.a.f.c) ""EGRI enables a Guardian to compute a verifiable partial decryption...""",
ace,3,S3.6.2,"(Ref: S3.a.f.c) ""EGRI enables a quorum of `k` distinct Guardian (Vote|Ballot Data) Encryption Secret Keys to form full verifiable decryptions of the election tallies...""",
nyi,4,S3.6.5.d.verif10,"(Ref: S6.2.5.verif10) Verification 10",
nyi,4,S3.6.5.f.verif11,"(Ref: S6.2.5.verif11) Verification 11",
nyi,4,S3.7,"(Ref: S2.b) ""EGRI enables production of an 'Election Record'""",
nyi,4,S3.7,"The Election Record is not a static fixed format. Different information is added and modified at different times.",
nyi,4,S3.7,"The Election Record format must support appending new and updated information without invalidating signatures made previously.",
nyi,4,S3.7,"The Election Record format must support inclusion-by-reference (eg a Ballot ID and hash value) of batches of Ballots. Rationale: For all but very small elections, it will not be practical to hold all Ballots in a single file. Neither will it be practical to place every Ballot in a separate file in a single directory.",
nyi,4,S3.7,"The Election Record records any information necessary and sufficient to uniquely identify and describe the election, such as date, location, election type, etc. that is not otherwise present in the Election Manifest.",
nyi,4,S3.7,"The Election Record records the Election Manifest",
nyi,4,S3.7,"The Election Record records the Fixed Parameters `p`, `q`, `g`, and `r`.",
nyi,4,S3.7,"The Election Record records the Varying Parameters `n` and `k`.",
nyi,4,S3.7,"The Election Record records `H_P`",
nyi,4,S3.7,"The Election Record records `H_B`",
nyi,4,S3.7,"The Election Record records for every Guardian `1..n`: a name or label",
nyi,4,S3.7,"The Election Record records for every Guardian `1..n`: the polynomial coefficients commitments",
nyi,4,S3.7,"The Election Record records for every Guardian `1..n`: the polynomial coefficients the proofs of knowledge",
nyi,4,S3.7,"The Election Record records for every Guardian `1..n`: the Guardian Communication Public Key",
nyi,4,S3.7,"The Election Record records the Joint Vote Encryption Public Key",
nyi,4,S3.7,"The Election Record records the Joint Ballot Data Encryption Public Key",
nyi,4,S3.7,"The Election Record records `H_E`",
nyi,4,S3.7,"The Election Record records for every Ballot in the `Cast` or `Challenged` state: the selection encryption identifier $\id_B$,",
nyi,4,S3.7,"The Election Record records for every Ballot in the `Cast` or `Challenged` state: the selection encryption identifier hash $\HH_I$,",
nyi,4,S3.7,"The Election Record records for every Ballot in the `Cast` or `Challenged` state: all of the encrypted selections on each ballot,",
nyi,4,S3.7,"The Election Record records for every Ballot in the `Cast` or `Challenged` state: the proofs that each such value is an encryption of either zero or one (or more generally, the proofs that these values satisfy the respective option selection limits),",
nyi,4,S3.7,"The Election Record records for every Ballot in the `Cast` or `Challenged` state: for every Contest, the effective Contest Selection Limit",
nyi,4,S3.7,"The Election Record records for every Ballot in the `Cast` or `Challenged` state: for every Contest, for every Option Field, the effective Option Selection Limit",
nyi,4,S3.7,"The Election Record records for every Ballot in the `Cast` or `Challenged` state: for every Contest, the stated and effective selection limits applied to each contest,",
nyi,4,S3.7,"The Election Record records for every Ballot in the `Cast` or `Challenged` state: for every Contest, the proof that the number of selections made does not exceed the selection limit,",
nyi,4,S3.7,"The Election Record records for every Ballot in the `Cast` or `Challenged` state: the Ballot Weight as originally submitted with the Voter Selections",
nyi,4,S3.7,"The Election Record records for every Ballot in the `Cast` or `Challenged` state: the Ballot Weight already applied to the Ciphertexts",
nyi,4,S3.7,"The Election Record records for every Ballot in the `Cast` or `Challenged` state: the Ballot Style index,",
nyi,4,S3.7,"The Election Record records for every Ballot in the `Cast` or `Challenged` state: device information uniquely identifying the device used for encrypting of voter selections to produce the Ballot",
nyi,4,S3.7,"The Election Record records for every Ballot in the `Cast` or `Challenged` state: the date and time of the ballot encryption (as reported by the encrypting device) with no more than 1 second granularity",
nyi,4,S3.7,"The Election Record records for every Ballot in the `Cast` or `Challenged` state: the confirmation code produced for the Ballot",
nyi,4,S3.7,"The Election Record records for every Ballot in the `Cast` or `Challenged` state: the state of the ballot `Cast` or `Challenged`",
nyi,4,S3.7,"The Election Record records for every Ballot in the `ChallengedDecrypted` state: all the information included for the Ballot in its `Challenged` state",
nyi,4,S3.7,"The Election Record records for every Ballot in the `ChallengedDecrypted` state: the selections made for every Contest Option",
nyi,4,S3.7,"The Election Record records for every Ballot in the `ChallengedDecrypted` state: the decrypted plaintext values of every Contest (Option or Additional) Data Field",
nyi,4,S3.7,"The Election Record records for every Ballot in the `ChallengedDecrypted` state: the proofs of correct decryption for every Contest (Option or Additional) Data Field and/or the Contest Data Field nonce.",
nyi,4,S3.7,"The Election Record records for every Ballot in the `ChallengedDecrypted` state: the date and time of the overall ballot decryption (as reported by the decrypting device)",
nyi,4,S3.7,"The Election Record records for every Ballot Decryption Operation: some identifier uniquely identifying the Ballot Decryption Operation",
nyi,4,S3.7,"The Election Record records for every Ballot Decryption Operation: the set of Ballots ""marked for decryption""",
nyi,4,S3.7,"The Election Record records for every Ballot Decryption Operation: the hash of the ElectionRecord at the point the Ballot Decryption Operation was initiated",
nyi,4,S3.7,"The Election Record records for every Ballot Decryption Operation: for every participating Guardian: the Guardian Index",
nyi,4,S3.7,"The Election Record records for every Ballot Decryption Operation: for every participating Guardian: the date and time their participation was initiated",
nyi,4,S3.7,"The Election Record records for every Ballot Decryption Operation: for every participating Guardian: the hash of their view of the ElectionRecord at the instant this operation was initiated",
nyi,4,S3.7,"The Election Record records for every Ballot Decryption Operation: for every participating Guardian: device information uniquely identifying the device used for their secret key operation",
nyi,4,S3.7,"The Election Record records for every Ballot Decryption Operation: for every participating Guardian:",
nyi,4,S3.7,"The Election Record records for every Ballot Decryption Operation: for every participating Guardian:",
nyi,4,S3.7,"The Election Record records for every Ballot Decryption Operation:",
nyi,4,S3.7,"The Election Record records for every Ballot Decryption Operation:",
nyi,4,S3.7,"The Election Record records for every set of Ballots in the `ChallengedDecrypted` state:",
nyi,4,S3.7,"The Election Record records for every set of Ballots in the `ChallengedDecrypted` state: for each Guardian participating in the Decryption: the Guardian Index",
nyi,4,S3.7,"The Election Record records for every set of Ballots in the `ChallengedDecrypted` state: for each Guardian participating in the Decryption: the date and time of the partial decryption",
nyi,4,S3.7,"The Election Record records for every set of Ballots in the `ChallengedDecrypted` state: for each Guardian participating in the Decryption: their partial decryptions",
nyi,4,S3.7,"The Election Record records for every Tally: for every Contest: identifiers of the set of Ballots in the `Cast` state",
nyi,4,S3.7,"The Election Record records for every Tally: for every Contest: for every (Option or Additional) homomorphically-tallied Data Field: the encrypted tally (eq. 79 pg 44)",
nyi,4,S3.7,"The Election Record records for every Tally: for every Contest: for every (Option or Additional) homomorphically-tallied Data Field: the full verifiable decryption of the encrypted tally",
nyi,4,S3.7,"The Election Record records for every Tally: for every Contest: for every (Option or Additional) homomorphically-tallied Data Field: the tally exponent",
nyi,4,S3.7,"The Election Record records for every Tally: for every Contest: for every (Option or Additional) homomorphically-tallied Data Field: plaintext representation of the tally",
nyi,4,S3.7,"The Election Record records for every Tally: for every Contest: for every (Option or Additional) homomorphically-tallied Data Field: proof of correct decryption of the tally",
nyi,4,S3.7,"The Election Record records information uniquely identifying each device used for encryption of voter selections to produce any Ballot",
nyi,4,S3.7,"The Election Record records an ordered list of the Ballots encrypted by each device.",
nyi,4,S3.7,"The Election Record records the encrypted contest data, when available.",
nyi,4,S3.7,"EGRS enables the Election Record to be produced in a format suitable for digitally signing.",
nyi,4,S3.7,"EGRS enables the Election Record to be published in a format suitable to the needs of Verifier applications. For example, a directory of files accessible via HTTPS supporting efficient random access.",
nyi,4,S3.7,"EGRS enables the Election Record to be published in a format suitable for archiving or bulk downloading by any interested individuals. For example, the compressed .zip and/or .tar.gz formats.",
na,1,S4,"EGRI Preencrypted Ballots enable the vote-by-mail scenario.",
na,1,S4,"EGRI Preencrypted Ballots enable the ""precincts with central count or minimal in-precinct equipment"" scenario.",
na,1,S4,"EGRI Preencrypted Ballots enable back-ups for precincts which ordinarily perform encryption on demand.",
nyi,4,S4,"EGRI enables ordinary and Preencrypted Ballots to be tallied together.",
nyi,4,S4,"When ordinary and Preencrypted Ballots are tallied together, it does not reveal which votes came from which mode.",
nyi,4,S4,"The Election Manifest contains a configuration setting indicating whether Preencrypted Ballots are enabled for that election.",
nyi,4,S4,"If the Election Manifest indicates Preencrypted Ballots are enabled, EGRI allows to produce data necessary to print Preencrypted Ballots. Note: Referred to in the EGRS as the ""Ballot Encryption Tool"".",
nyi,4,S4,"EGRI refuses to generate any Preencrypted Ballots unless the Election Manifest indicates Preencrypted Ballots are enabled.",
nyi,4,S4,"EGRI allows to record Voter Selections made on Preencrypted Ballots, if the Election Manifest indicates Preencrypted Ballots are enabled.",
nyi,4,S4,"If the Election Manifest indicates Preencrypted Ballots are not enabled, EGRI refuses to record any Voter Selections made on Preencrypted Ballots.",
nyi,4,S4,"For each Preencrypted Ballot generated, EGRI computes the Selection Encryption Identifier `id_B` as described in (Ref: S3.3.2.a).",
nyi,4,S4,"For each Preencrypted Ballot generated, EGRI computes `H_I` from `H_E` and the Selection Encryption Identifier `id_B` as specified in EG DS v2.1.0 eq. 32 (Ref: S3.3.2.a).",
nyi,4,S4.1,"pg. 57 EGRI `Preencrypted Ballot`, for every Contest in the BallotStyle, for every Contest Option plus an additional null selection, computes a vector `Psi_{i,m}` of length `m`, where `m` is equal to the number of Contest Options and `i` is the Contest Option index. Note1: This is captial `Psi`. Note2: Although `m` is denoted here as a subscript, it is not an index into a second dimension.",
nyi,4,S4.1,"pg. 57 EGRI `PreencryptedBallot` computes `Psi_{i,m}` for `0 <= i <= m`, where `m` is equal to the number of Contest Options, `i = 0` corresponds to the null vote, and for `1 <= i` `i` is the corresponding Option Index.",
nyi,4,S4.1,"pg. 57 EGRI `PreencryptedBallot` computes `Psi_{i,m}` when `1 <= i` as a length `m` vector having an encryption of `1` at (1-based) position `i`, and encryptions of `0` at all other options. Note: This corresponds to non-null vote cases.",
nyi,4,S4.1,"pg. 57 EGRI `PreencryptedBallot` computes `Psi_{i,m}` when `i = 0` as a length `m` vector of encryptions of `0`. Note: This corresponds to the null vote case.",
nyi,4,S4.1,"pg. 57 Note: EGRI `PreencryptedBallot`, when encrypting ContestOption vectors `Psi_{j,m}`, the encryption nonce `xi_{i,j}` is derived from `H_I` and `xi_B` as specified in eq. 121 (Ref: S4.2.1).",
nyi,4,S4.1,"pg. 57 For each Preencrypted Ballot generated, EGRI computes `H_I` from `H_E` and the Selection Encryption Identifier `id_B` as specified in [eq. 121 pg. 61].",
nyi,4,S4.1.1,"pg. 58 EGRI computes the Selection Hash `psi_i` for a single Option `i` according to [eq. 115 pg. 58]",
nyi,4,S4.1.1,"pg. 58 ""In a contest with a selection limit of L, an additional L null vectors are hashed"" ""where all $E_i = (\alpha_i, \beta_i)$ are encyptions of zero and `1 <= l <= L`.""",
nyi,4,S4.1.1,"pg. 58 EGRI computes the Selection Hash `psi_{m+l}` for an additional L null vector according to [eq. 114 pg. 58]",
nyi,4,S4.1.2,"pg. 58 EGRI sorts all Selection Hashes in a contest prior to their use in the computation of the Contest Hash.",
nyi,4,S4.1.2,"pg. 58 EGRI computes the Contest Hash `chi_l` according to [eq. 115 pg. 58]",
nyi,4,S4.1.3,"pg. 58 EGRI computes the Confirmation Code `H_C` according to [eq. 116 pg. 58]",
nyi,4,S4.1.4,"pg. 59 EGRI computes Ballot Chaining values for Preencrypted Ballots according to eq. 117-120 pg. 59.",
nyi,4,S4.1.5.a,"pg. 59 If the Election Manifest indicates Preencrypted Ballots are enabled, EGRI requires that the Election Manifest specify unambiguously the Hash Trimming Function `Omega` to be used for all Preencrypted Ballots generated for the election.",
nyi,4,S4.1.5.a,"pg. 59 EGRI provides one or more Hash Trimming Functions.",
nyi,4,S4.1.5.b,"If the Election Manifest indicates Preencrypted Ballots are enabled, EGRI provides short codes to indicate undervotes",
nyi,4,S4.2,"If the Election Manifest indicates Preencrypted Ballots are enabled, EGRI provides a ""Ballot Encrypting Tool"" which operates as describedin S4.2",
nyi,4,S4.2.1,"If the Election Manifest indicates Preencrypted Ballots are enabled, EGRI produces nonces deterministically as described in eq. 121",
nyi,4,S4.3,"[TODO: Pre-Encrypted Ballots]",
nyi,4,S4.3.1,"[TODO: Pre-Encrypted Ballots]",
nyi,4,S4.4,"[TODO: Pre-Encrypted Ballots]",
nyi,4,S4.4.1,"[TODO: Pre-Encrypted Ballots]",
nyi,4,S4.5.a,"[TODO: Pre-Encrypted Ballots]",
nyi,4,S4.5.b.verif15,"TODO: Verification 15",
ics,50,S4.6,"EGRS PreencryptedBallots feature allows the ElectionManifest to specify the use of the `Two Hex Characters` hash-trimming function `Ω_1`.",
ics,50,S4.6,"EGRS PreencryptedBallots feature allows the ElectionManifest to specify the use of the `Four Hex Characters` hash-trimming function `Ω_2`.",
ics,50,S4.6,"EGRS PreencryptedBallots feature allows the ElectionManifest to specify the use of the `Letter-Digit` hash-trimming function `Ω_3`.",
ics,50,S4.6,"EGRS PreencryptedBallots feature allows the ElectionManifest to specify the use of the `Digit-Letter` hash-trimming function `Ω_4`.",
ics,50,S4.6,"EGRS PreencryptedBallots feature allows the ElectionManifest to specify the use of the `Number: 0-255` hash-trimming function `Ω_5`.",
ics,50,S4.6,"EGRS PreencryptedBallots feature allows the ElectionManifest to specify the use of the `Number: 1-256` hash-trimming function `Ω_6`.",
ics,50,S4.6,"EGRS PreencryptedBallots feature allows the ElectionManifest to specify the use of the `Number: 100-355` hash-trimming function `Ω_7`.",
ics,50,S4.6,"EGRS PreencryptedBallots feature allows the ElectionManifest to specify the use of the `Number: 101-356` hash-trimming function `Ω_8`.",
ics,50,S4.6,"EGRS ElectionManifest PreencryptedBallots feature allows to specify the use of and the complete configuration for an API-user-supplied hash-trimming function.",
nyi,4,S4.6,"EGRS PreencryptedBallots feature can produce short codes using the `Two Hex Characters` hash-trimming function `Ω_1`.",
nyi,4,S4.6,"EGRS PreencryptedBallots feature can produce short codes using the `Four Hex Characters` hash-trimming function `Ω_2`.",
nyi,4,S4.6,"EGRS PreencryptedBallots feature can produce short codes using the `Letter-Digit` hash-trimming function `Ω_3`.",
nyi,4,S4.6,"EGRS PreencryptedBallots feature can produce short codes using the `Digit-Letter` hash-trimming function `Ω_4`.",
nyi,4,S4.6,"EGRS PreencryptedBallots feature can produce short codes using the `Number: 0-255` hash-trimming function `Ω_5`.",
nyi,4,S4.6,"EGRS PreencryptedBallots feature can produce short codes using the `Number: 1-256` hash-trimming function `Ω_6`.",
nyi,4,S4.6,"EGRS PreencryptedBallots feature can produce short codes using the `Number: 100-355` hash-trimming function `Ω_7`.",
nyi,4,S4.6,"EGRS PreencryptedBallots feature can produce short codes using the `Number: 101-356` hash-trimming function `Ω_8`.",
nyi,4,S4.6,"EGRS PreencryptedBallots feature allows an API user to provide a custom hash-trimming function for producing short codes.",
nyi,4,S4.6,"EGRS PreencryptedBallots feature can consume short codes using the `Two Hex Characters` hash-trimming function `Ω_1`.",
nyi,4,S4.6,"EGRS PreencryptedBallots feature can consume short codes using the `Four Hex Characters` hash-trimming function `Ω_2`.",
nyi,4,S4.6,"EGRS PreencryptedBallots feature can consume short codes using the `Letter-Digit` hash-trimming function `Ω_3`.",
nyi,4,S4.6,"EGRS PreencryptedBallots feature can consume short codes using the `Digit-Letter` hash-trimming function `Ω_4`.",
nyi,4,S4.6,"EGRS PreencryptedBallots feature can consume short codes using the `Number: 0-255` hash-trimming function `Ω_5`.",
nyi,4,S4.6,"EGRS PreencryptedBallots feature can consume short codes using the `Number: 1-256` hash-trimming function `Ω_6`.",
nyi,4,S4.6,"EGRS PreencryptedBallots feature can consume short codes using the `Number: 100-355` hash-trimming function `Ω_7`.",
nyi,4,S4.6,"EGRS PreencryptedBallots feature can consume short codes using the `Number: 101-356` hash-trimming function `Ω_8`.",
nyi,4,S4.6,"EGRS PreencryptedBallots feature allows an API user to provide a custom hash-trimming function for consuming short codes.",
nfd,2,S5.1.5,"EGRI can read and write files as contiguous sequences of bytes.",""
ace,3,S5.5.1,"This is expected to be a fully-redundant section, but we could double-check it",
ace,3,S5.5.2,"This is expected to be a fully-redundant section, but we could double-check it",
ace,3,S5.5.3,"This is expected to be a fully-redundant section, but we could double-check it",
ace,3,S5.5.4,"This is expected to be a fully-redundant section, but we could double-check it",
ace,3,S5.5.5,"This is expected to be a fully-redundant section, but we could double-check it",
ace,3,S6.2.1.verif1,"TODO: Verification 1",
ace,3,S6.2.2.a.verif2,"TODO: Verification 2",
ace,3,S6.2.2.b.verif3,"TODO: Verification 3",
ace,3,S6.2.3.verif4,"TODO: Verification 4",
ace,3,S6.2.4.a.verif5,"TODO: Verification 5",
ace,3,S6.2.4.b.verif6,"TODO: Verification 6",
ace,3,S6.2.4.c.verif7,"TODO: Verification 7",
ace,3,S6.2.4.d.verif8,"TODO: Verification 8",
ace,3,S6.2.5.a.verif9,"TODO: Verification 9",
ace,3,S6.2.5.b.verif10,"TODO: Verification 10",
ace,3,S6.2.5.c.verif11,"TODO: Verification 11",
ace,3,S6.2.6.a.verif12,"Verification of Correct Contest Data Decryption",
ace,3,S6.2.7.a.verif13,"TODO: Verification 13",
ace,3,S6.2.7.b.verif14,"TODO: Verification 14",
ace,3,S6.2.8.a.verif15,"TODO: Verification 15",
ace,3,S6.2.8.b.verif16,"TODO: Verification 16",
ace,3,S6.2.8.c.verif17,"TODO: Verification 17",
ace,3,S6.2.8.d.verif18,"TODO: Verification 18",
ace,3,S6.2.8.e.verif19,"TODO: Verification 19",
